name,smiles,literature_logp,predicted_logp,error,abs_error
Aspirin,CC(=O)Oc1ccccc1C(=O)O,1.19,1.3101,0.1201000000000001,0.1201000000000001
Acetaminophen,CC(=O)Nc1ccc(O)cc1,0.46,1.3505999999999998,0.8905999999999998,0.8905999999999998
Phenol,Oc1ccccc1,1.46,1.3921999999999999,-0.06780000000000008,0.06780000000000008
