{
    "count": 1098,
    "mean_solubility": -2.9631056466302366,
    "std_solubility": 1.9761953201163502,
    "min_solubility": -8.334,
    "max_solubility": 1.58
}