{"rmse": 0.9800262600049657, "r2": -0.006304631536803829}