{
  "accuracy": 0.9192982456140351,
  "roc_auc": 0.8665223665223665,
  "n_train": 1139,
  "n_test": 285,
  "n_features": 2072
}