{"accuracy": 0.8860103626943006, "roc_auc": 0.932687651331719}